"form","id","in_dreamteam","now_cost","points_per_game","second_name","selected_by_percent","status","team","team_code","total_points","transfers_in","transfers_in_event","transfers_out","transfers_out_event","value_form","value_season","web_name","minutes","goals_scored","assists","clean_sheets","goals_conceded","own_goals","penalties_saved","penalties_missed","yellow_cards","red_cards","saves","bonus","bps","influence","creativity","threat","ict_index","influence_rank","influence_rank_type","creativity_rank","creativity_rank_type","threat_rank","threat_rank_type","ict_index_rank","ict_index_rank_type"
0,2,FALSE,4.9,0,"Papastathopoulos",0.1,"n",1,3,0,10213,8,18302,214,0,0,"Sokratis",0,0,0,0,0,0,0,0,0,0,0,0,0,0,0,0,0,555,209,546,209,534,203,557,209
0.3,3,FALSE,5.5,1.4,"Luiz Moreira Marinho",0.9,"a",1,3,7,34315,2885,68069,2953,0.1,1.3,"David Luiz",319,0,0,0,5,0,0,0,0,0,0,0,51,66.6,9.8,21,9.7,200,83,309,101,236,70,268,90
0,5,FALSE,4.7,0,"Soares",0.2,"a",1,3,0,2953,141,31404,650,0,0,"Cédric",0,0,0,0,0,0,0,0,0,0,0,0,0,0,0,0,0,533,203,521,203,498,193,535,203
0.7,7,FALSE,5,1,"Mustafi",0,"a",1,3,2,10871,310,10720,200,0.1,0.4,"Mustafi",44,0,0,0,1,0,0,0,0,0,0,0,13,11.6,1,0,1.3,358,140,369,141,554,210,390,145
0,10,FALSE,4.4,0,"Marí",0,"d",1,3,0,292,21,718,38,0,0,"Marí",0,0,0,0,0,0,0,0,0,0,0,0,0,0,0,0,0,471,185,453,184,423,172,474,185
4.7,11,FALSE,5.1,4.2,"Bellerín",8.2,"a",1,3,34,493311,41758,254841,27017,0.9,6.7,"Bellerín",720,0,3,2,10,0,0,0,3,0,0,6,152,126.6,91.4,49,26.8,96,34,80,21,161,38,93,21
0,13,FALSE,4.5,0,"Chambers",0,"d",1,3,0,364,28,925,45,0,0,"Chambers",0,0,0,0,0,0,0,0,0,0,0,0,0,0,0,0,0,507,199,492,199,465,189,509,199
0,14,FALSE,4.8,2,"Kolasinac",0.2,"i",1,3,2,4712,141,16218,811,0,0.4,"Kolasinac",90,0,0,0,1,0,0,0,0,0,0,0,9,3.6,5.4,4,1.3,389,148,320,107,326,117,389,144
0.3,15,FALSE,4.8,2.2,"Maitland-Niles",1,"a",1,3,9,46583,625,118911,5070,0.1,1.9,"Maitland-Niles",187,0,0,1,3,0,0,0,0,0,0,0,35,20.2,4.3,7,3.2,326,133,329,115,302,102,357,128
2,16,FALSE,4.4,3,"Holding",1.3,"a",1,3,15,172587,4445,197179,3921,0.5,3.4,"Holding",450,0,0,2,7,0,0,0,1,0,0,0,100,96.8,3.6,4,10.4,153,62,333,117,322,115,256,88
3,17,FALSE,5.4,2.9,"Tierney",5.2,"a",1,3,20,117032,5417,530160,15242,0.6,3.7,"Tierney",620,0,0,2,9,0,0,0,0,0,0,0,121,111.6,97.8,31,24.1,123,48,67,17,200,57,114,29
0,27,FALSE,4.1,0,"Saliba",0.8,"a",1,3,0,23297,1843,194776,3848,0,0,"Saliba",0,0,0,0,0,0,0,0,0,0,0,0,0,0,0,0,0,445,171,426,170,392,154,448,171
3.3,494,FALSE,5.1,4.4,"Magalhães",11.4,"a",1,3,31,879700,14743,515293,34130,0.6,6.1,"Gabriel",630,1,0,2,7,0,0,0,1,0,0,5,143,182.6,7,85,27.5,35,9,314,102,84,14,89,20
0.3,29,FALSE,4.4,1,"El Mohamady",0.3,"a",2,7,2,7690,297,22147,1043,0.1,0.5,"El Mohamady",33,0,0,0,0,0,0,0,0,0,0,0,8,7.6,15.9,4,2.8,370,143,267,80,320,113,360,130
0,31,FALSE,4.3,0,"Taylor",0.2,"a",2,7,0,9159,686,19725,998,0,0,"Taylor",0,0,0,0,0,0,0,0,0,0,0,0,0,0,0,0,0,448,173,429,172,397,158,451,173
0,36,FALSE,4.4,0,"Engels",0.1,"i",2,7,0,10442,78,16686,188,0,0,"Engels",0,0,0,0,0,0,0,0,0,0,0,0,0,0,0,0,0,476,187,458,186,428,174,479,187
0,39,FALSE,4.4,0,"Hause",0,"a",2,7,0,694,50,4233,94,0,0,"Hause",0,0,0,0,0,0,0,0,0,0,0,0,0,0,0,0,0,479,189,461,188,431,176,482,189
4,41,TRUE,5.3,6,"Mings",12.8,"a",2,7,42,915558,158248,203060,19381,0.8,7.9,"Mings",630,2,1,4,9,0,0,0,2,0,0,3,166,208.4,25.8,100,33.6,25,5,220,59,69,7,66,11
4,42,FALSE,4.5,4.1,"Targett",2.5,"a",2,7,29,176715,58928,72307,8635,0.9,6.4,"Targett",630,0,1,4,9,0,0,0,2,0,0,2,129,77.2,89.6,42,21,185,76,85,22,173,44,142,43
0,43,FALSE,4.5,0,"Bree",0,"u",2,7,0,9795,4,10217,15,0,0,"Bree",0,0,0,0,0,0,0,0,0,0,0,0,0,0,0,0,0,512,200,499,200,473,190,514,200
2.3,46,FALSE,4.7,5,"Konsa Ngoyo",7.7,"a",2,7,35,707575,28167,239076,21884,0.5,7.4,"Konsa",630,1,0,4,9,0,0,0,0,0,0,3,142,137.4,1.5,79,21.8,71,21,358,134,93,17,133,40
0,47,FALSE,4.4,0,"Guilbert",0.1,"i",2,7,0,1246,66,6371,415,0,0,"Guilbert",0,0,0,0,0,0,0,0,0,0,0,0,0,0,0,0,0,485,194,468,193,439,182,488,194
2,496,FALSE,5,3.4,"Cash",0.7,"a",2,7,24,48839,5319,30433,2572,0.4,4.8,"Cash",595,0,0,4,9,0,0,0,3,0,0,1,133,135.6,64.4,20,22,73,23,128,31,240,72,132,39
0,58,FALSE,4.4,0,"Duffy",0,"n",3,36,0,507,33,4834,98,0,0,"Duffy",0,0,0,0,0,0,0,0,0,0,0,0,0,0,0,0,0,467,184,449,183,418,170,470,184
2.7,61,FALSE,4.4,2.2,"Burn",0.4,"a",3,36,11,7059,600,32678,1101,0.6,2.5,"Burn",383,0,0,1,4,0,0,0,1,0,0,0,55,37.8,26.6,29,9.4,275,107,212,55,206,61,272,94
0,62,FALSE,4.8,1,"Dunk",2.8,"a",3,36,5,60968,1331,436364,7935,0,1,"Dunk",450,0,0,1,11,1,0,0,1,1,0,1,62,59.2,17.3,38,11.5,221,91,264,79,183,47,242,83
0,63,FALSE,4.5,0,"Montoya",0,"u",3,36,0,159,11,891,25,0,0,"Montoya",0,0,0,0,0,0,0,0,0,0,0,0,0,0,0,0,0,506,198,491,198,464,188,508,198
2.7,66,FALSE,4.4,2.2,"Webster",1.8,"a",3,36,18,46297,3406,108506,5683,0.6,4.1,"Webster",720,0,0,2,14,0,0,0,1,0,0,0,110,95.2,38,99,23.2,156,63,175,42,70,8,119,31
4,67,FALSE,4.3,3,"Veltman",0.4,"a",3,36,12,18171,10441,20969,2139,0.9,2.8,"Veltman",307,0,0,1,5,0,0,0,0,0,0,3,65,66.4,47,4,11.9,201,84,156,38,318,111,239,81
0,73,FALSE,4.4,0,"Clarke",0,"n",3,36,0,230,28,524,22,0,0,"Clarke",0,0,0,0,0,0,0,0,0,0,0,0,0,0,0,0,0,483,192,466,191,436,179,486,192
3,74,FALSE,4.5,2.2,"White",1.3,"a",3,36,18,48731,1846,74799,3728,0.7,4,"White",708,0,0,2,14,0,0,0,1,0,0,0,125,128.4,34.6,10,17.5,92,32,187,45,279,90,171,57
0.3,75,FALSE,3.9,1,"Fernandes da Silva Junior",8.6,"a",3,36,1,202541,37770,470192,24327,0.1,0.3,"Bernardo",25,0,0,0,1,0,0,0,0,0,0,0,3,4.2,1.1,2,0.7,383,146,367,140,333,122,395,146
5.3,77,FALSE,4.8,3.6,"Lamptey",12.7,"a",3,36,29,1042160,98118,336617,15761,1.1,6,"Lamptey",630,1,3,1,12,0,0,0,2,0,0,2,123,133.4,125.6,138,39.8,78,25,42,8,47,1,46,6
3,81,FALSE,5.4,3,"Tarkowski",2.5,"a",4,90,15,32753,4898,249927,5304,0.6,2.8,"Tarkowski",450,0,0,2,7,0,0,0,1,0,0,0,72,97,22,81,20.1,152,61,241,68,91,16,149,47
0,82,FALSE,4.5,0.3,"Bardsley",0.3,"a",4,90,1,10474,41,33086,1459,0,0.2,"Bardsley",270,0,0,0,8,0,0,0,2,0,0,0,24,31.4,12.9,6,5.1,296,117,286,92,309,106,333,117
0,83,FALSE,4.3,2,"Pieters",0.4,"d",4,90,4,18275,36,80706,3536,0,0.9,"Pieters",140,0,0,1,3,1,0,0,0,0,0,0,19,7.6,2,17,2.6,369,142,345,126,250,79,363,133
0.3,85,FALSE,4.5,1.8,"Long",0.2,"a",4,90,11,9151,296,11268,1331,0.1,2.4,"Long",540,0,0,1,12,0,0,0,2,0,0,1,76,94.2,11.5,16,12.2,157,64,298,97,256,83,236,80
2.7,88,FALSE,4.9,8,"Mee",0.2,"a",4,90,8,3306,2651,19431,540,0.6,1.6,"Mee",90,0,0,1,0,0,0,0,0,0,0,2,29,33.8,0.1,4,3.8,290,114,388,150,328,119,351,125
3,92,FALSE,4.4,3,"Lowton",0.1,"a",4,90,9,2826,1041,7859,340,0.7,2,"Lowton",270,0,0,1,4,0,0,0,0,0,0,0,53,43.8,21.8,1,6.7,252,101,242,69,349,129,306,108
0,94,FALSE,3.9,0,"Gibson",0.2,"n",4,90,0,3540,252,13912,517,0,0,"Gibson",0,0,0,0,0,0,0,0,0,0,0,0,0,0,0,0,0,410,153,392,153,353,132,413,153
3.7,97,FALSE,4.5,3.1,"Taylor",3.1,"d",4,90,22,140565,8020,233115,12728,0.8,4.9,"Taylor",630,0,1,2,12,0,0,0,1,0,0,2,122,119.6,66.8,11,19.7,106,37,124,29,271,88,152,48
0,519,FALSE,4,4,"Dunne",6.7,"a",4,90,8,727384,16621,333621,29615,0,2,"Dunne",180,1,0,0,5,0,0,0,0,0,0,0,35,66.2,21.2,38,12.6,202,85,244,70,182,46,229,76
0,520,FALSE,4,0,"Thomas",0.6,"a",4,90,0,23890,686,21270,1624,0,0,"Thomas",0,0,0,0,0,0,0,0,0,0,0,0,0,0,0,0,0,443,170,424,169,390,153,446,170
0,536,FALSE,4,0,"Driscoll-Glennon",0.1,"a",4,90,0,3157,200,2476,283,0,0,"Driscoll-Glennon",0,0,0,0,0,0,0,0,0,0,0,0,0,0,0,0,0,432,163,414,163,378,145,435,163
2,102,FALSE,5.8,3.4,"Azpilicueta",3.6,"a",5,8,17,72415,2938,345326,26271,0.3,2.9,"Azpilicueta",320,0,1,2,3,0,0,0,1,0,0,0,72,71.8,39.2,33,14.4,191,79,171,41,195,55,206,66
0,104,FALSE,5.7,0.7,"Alonso",1.7,"a",5,8,2,36672,1131,169087,6651,0,0.4,"Alonso",225,0,0,0,6,0,0,0,1,0,0,0,36,37,28.1,20,8.5,280,110,206,52,241,73,285,100
0,109,FALSE,4.6,0,"Rüdiger",0.7,"a",5,8,0,19841,865,128152,3247,0,0,"Rüdiger",0,0,0,0,0,0,0,0,0,0,0,0,0,0,0,0,0,529,201,517,201,493,191,531,201
8.3,110,TRUE,5.4,6.9,"Zouma",17.3,"a",5,8,48,1273742,205004,189872,43816,1.5,8.9,"Zouma",630,3,0,3,7,0,0,0,0,0,0,6,174,231.8,15.7,95,34.3,14,1,269,82,74,10,61,9
0,111,FALSE,4.8,0,"Palmieri dos Santos",0.1,"a",5,8,0,2648,125,10136,472,0,0,"Emerson",0,0,0,0,0,0,0,0,0,0,0,0,0,0,0,0,0,544,206,534,206,516,198,546,206
0,116,FALSE,4.8,0,"Christensen",0.2,"a",5,8,0,8188,243,19955,1127,0,0,"Christensen",315,0,0,0,9,0,0,0,1,1,0,0,41,70,4.1,20,9.5,194,81,331,116,239,71,270,92
0,121,FALSE,4.7,0,"Tomori",0.2,"a",5,8,0,6204,205,20032,849,0,0,"Tomori",45,0,0,0,2,0,0,0,0,0,0,0,8,26.6,0.1,0,2.7,304,122,386,149,502,195,362,132
5.3,123,FALSE,5,4.7,"James",12.4,"a",5,8,33,1147477,56584,796762,38944,1.1,6.6,"James",543,1,1,2,8,0,0,0,1,0,0,6,158,181.4,161.2,65,41,36,10,26,6,123,21,41,5
6.7,232,TRUE,6,8.2,"Chilwell",28.8,"a",5,8,41,2180338,303882,268915,53757,1.1,6.8,"Chilwell",450,2,2,3,4,0,0,0,1,0,0,3,159,200,178.8,127,50.7,26,6,21,4,51,3,27,1
7,490,FALSE,5.5,5.6,"Thiago",3.6,"d",5,8,28,193075,52396,183490,16548,1.3,5.1,"Thiago Silva",432,1,0,3,4,0,0,0,0,0,0,1,124,159.6,18,52,23,55,14,257,74,155,37,123,33
0,125,FALSE,4.5,2,"Cahill",0.1,"a",6,31,2,5259,1255,6182,367,0,0.4,"Cahill",90,0,0,0,1,0,0,0,0,0,0,0,14,26,0,0,2.6,307,123,481,194,454,184,364,134
0.3,127,FALSE,4.5,1,"Sakho",0.3,"a",6,31,4,23232,764,17509,1608,0.1,0.9,"Sakho",275,0,0,0,8,0,0,0,0,0,0,0,33,36.6,1.6,6,4.5,281,111,355,133,310,107,340,120
0,129,FALSE,4.5,0,"Tomkins",0,"a",6,31,0,1147,31,1171,322,0,0,"Tomkins",0,0,0,0,0,0,0,0,0,0,0,0,0,0,0,0,0,502,195,485,195,458,185,504,195
0,134,FALSE,4.4,1.8,"Ward",0.9,"a",6,31,9,56592,110,122990,10881,0,2,"Ward",450,0,0,1,8,0,0,0,2,0,0,0,46,66.8,15.7,4,8.7,199,82,268,81,321,114,281,98
0,135,FALSE,4.2,0,"Kelly",0.5,"a",6,31,0,7168,821,59634,1982,0,0,"Kelly",0,0,0,0,0,0,0,0,0,0,0,0,0,0,0,0,0,446,172,427,171,393,155,449,172
2,139,FALSE,5.4,2,"van Aanholt",0.7,"a",6,31,6,53073,22095,16706,4004,0.4,1.1,"van Aanholt",198,0,1,0,4,0,0,0,1,0,0,0,29,30.4,31.1,52,11.4,300,120,198,47,154,36,244,84
0,145,FALSE,3.9,0,"Ferguson",0.8,"i",6,31,0,25518,476,82459,4380,0,0,"Ferguson",0,0,0,0,0,0,0,0,0,0,0,0,0,0,0,0,0,413,156,395,156,359,138,416,156
0.7,146,FALSE,4.1,2.5,"Mitchell",20.2,"a",6,31,15,1278912,8426,825419,207990,0.2,3.7,"Mitchell",540,0,1,1,9,0,0,0,1,0,0,0,71,90.2,12.8,19,12.2,163,68,288,93,242,74,234,79
3.7,486,FALSE,4.4,4.5,"Dann",0.9,"a",6,31,18,65073,16441,64305,3008,0.8,4.1,"Dann",360,1,0,1,4,0,0,0,0,0,0,1,74,104.2,1.6,59,16.5,138,55,353,131,132,25,182,58
0,522,FALSE,4,0,"Woods",0.7,"a",6,31,0,52462,1586,25863,2522,0,0,"Woods",0,0,0,0,0,0,0,0,0,0,0,0,0,0,0,0,0,437,166,419,166,384,149,440,166
0,534,FALSE,4,0,"Inniss",0.1,"u",6,31,0,4580,18,4882,235,0,0,"Inniss",0,0,0,0,0,0,0,0,0,0,0,0,0,0,0,0,0,429,162,411,162,375,144,432,162
3,577,FALSE,4.5,3,"Clyne",0.2,"a",6,31,9,20068,6558,4842,1906,0.7,2,"Clyne",251,0,0,1,3,0,0,0,0,0,0,0,49,31.8,17.8,18,6.8,295,116,259,76,247,78,303,106
0.3,152,FALSE,4.9,2.7,"Coleman",1,"d",7,11,16,182755,6248,196858,3834,0.1,3.3,"Coleman",447,0,1,1,8,0,0,0,0,0,0,1,97,112.4,46.1,34,19.3,122,47,158,39,191,53,154,49
-0.3,155,FALSE,6.1,3.7,"Digne",12.6,"a",7,11,26,1135343,71864,962412,35367,0,4.3,"Digne",611,0,3,1,12,0,0,0,0,1,0,7,138,154.6,177.4,38,37.1,56,15,22,5,184,48,55,8
1,156,FALSE,5.1,3.4,"Keane",5.9,"a",7,11,27,442298,19397,191935,21735,0.2,5.3,"Keane",720,2,0,1,14,0,0,0,0,0,0,1,152,208.8,24,84,31.7,24,4,231,64,85,15,75,13
0.7,160,FALSE,4.3,2,"Kenny",0.1,"a",7,11,2,4466,497,13932,476,0.2,0.5,"Kenny",75,0,0,0,1,0,0,0,0,0,0,0,11,9,6.6,8,2.4,365,141,315,103,294,100,368,137
0.3,162,FALSE,5.5,2.7,"Mina",2.1,"a",7,11,19,131964,5011,100384,14305,0.1,3.5,"Mina",630,1,0,1,11,0,0,0,1,0,0,1,119,161.6,4.7,59,22.5,50,13,326,112,133,26,130,37
0,165,FALSE,4.8,0,"Holgate",0.1,"a",7,11,0,1339,1000,6248,209,0,0,"Holgate",90,0,0,0,3,0,0,0,1,0,0,0,18,22,0.3,0,2.2,323,131,382,147,523,200,372,139
0,170,FALSE,3.9,0,"Branthwaite",2.4,"a",7,11,0,118370,8265,214502,8034,0,0,"Branthwaite",0,0,0,0,0,0,0,0,0,0,0,0,0,0,0,0,0,416,159,398,159,362,141,419,159
0.3,559,FALSE,4,1,"Nkounkou",0.2,"a",7,11,1,16237,2236,6116,1673,0.1,0.2,"Nkounkou",68,0,0,0,1,0,0,0,1,0,0,0,6,13.8,5.3,1,2,348,137,322,109,347,127,376,141
0.3,566,FALSE,5,1,"Godfrey",0.1,"a",7,11,2,5697,393,3330,508,0.1,0.4,"Godfrey",149,0,0,0,3,0,0,0,0,0,0,0,20,31.4,11.9,0,4.4,297,118,293,95,559,212,343,121
0,173,FALSE,4.3,0.5,"Le Marchand",0.1,"a",8,54,1,1470,48,9155,366,0,0.2,"Le Marchand",122,0,0,0,1,0,0,0,2,0,0,0,12,12.6,1.6,1,1.6,353,139,352,130,348,128,386,143
0.3,176,FALSE,4.4,1.4,"Ream",0.2,"a",8,54,7,6516,72,11862,739,0.1,1.6,"Ream",450,0,0,0,10,0,0,0,0,0,0,0,78,82.6,4.7,0,8.8,179,73,325,111,422,171,277,96
0,178,FALSE,4.3,0,"Hector",0.2,"a",8,54,0,4351,178,16629,633,0,0,"Hector",237,0,0,0,10,0,0,0,1,0,0,0,33,38.8,11.3,18,6.7,271,106,300,98,246,77,305,107
0,179,FALSE,4.3,0,"Christie",0,"n",8,54,0,479,26,9054,151,0,0,"Christie",0,0,0,0,0,0,0,0,0,0,0,0,0,0,0,0,0,451,175,432,174,400,160,454,175
0.3,182,FALSE,4.8,1.4,"Bryan",0.4,"a",8,54,7,12587,149,53702,2227,0.1,1.5,"Bryan",337,0,1,0,11,0,0,0,1,0,0,0,64,62.2,50.6,25,13.8,212,88,149,37,219,67,214,70
0,185,FALSE,4.4,0,"Mawson",0,"n",8,54,0,204,7,1378,29,0,0,"Mawson",0,0,0,0,0,0,0,0,0,0,0,0,0,0,0,0,0,480,190,462,189,432,177,483,190
0,192,FALSE,4.3,0,"Sessegnon",0,"n",8,54,0,425,33,7796,140,0,0,"Sessegnon",0,0,0,0,0,0,0,0,0,0,0,0,0,0,0,0,0,453,177,434,176,402,162,456,177
3.3,484,FALSE,4.4,2.8,"Robinson",0.1,"a",8,54,14,6043,865,7088,675,0.7,3.2,"Robinson",450,0,0,1,5,0,0,0,0,0,0,1,82,107.4,119.7,27,25.5,133,52,48,11,215,65,99,24
0,517,FALSE,4.3,1,"Tete",0.1,"i",8,54,2,5867,67,12886,319,0,0.5,"Tete",128,0,1,0,6,0,0,0,1,0,0,0,29,53,67.5,4,12.4,234,97,122,27,319,112,233,78
0,525,FALSE,4.3,0.3,"Odoi",0.1,"a",8,54,1,5596,154,5990,294,0,0.2,"Odoi",270,0,0,0,10,0,0,0,1,0,0,0,34,35.4,20.8,8,6.4,283,112,245,71,293,99,308,110
6,562,FALSE,4.5,4.4,"Aina",0.2,"a",8,54,22,16536,5118,4251,2124,1.3,4.9,"Aina",450,1,0,1,5,0,0,0,0,0,0,3,92,115.6,61.8,13,18.9,115,42,132,33,265,86,157,50
2.7,571,FALSE,4.5,4,"Andersen",0,"a",8,54,8,508,129,249,47,0.6,1.8,"Andersen",180,0,0,1,1,0,0,0,0,0,0,0,34,22.4,1.2,5,2.8,319,129,365,138,317,110,361,131
3,572,FALSE,4.5,2.8,"Adarabioyo",0,"a",8,54,11,1671,184,717,192,0.7,2.4,"Adarabioyo",360,0,0,1,4,0,0,0,0,0,0,0,59,58.8,1.8,30,9.2,222,92,349,128,201,58,273,95
0,585,FALSE,4.4,0,"Kongolo",0,"i",8,54,0,119,32,85,10,0,0,"Kongolo",0,0,0,0,0,0,0,0,0,0,0,0,0,0,0,0,0,477,188,459,187,429,175,480,188
0.7,216,FALSE,4.4,1,"Morgan",0.1,"a",9,13,3,7078,411,8229,540,0.2,0.7,"Morgan",16,0,0,0,0,0,0,0,0,0,0,0,9,3,0.1,0,0.3,394,149,385,148,408,168,404,149
5,218,FALSE,4.5,4,"Fuchs",0.2,"a",9,13,16,12162,3927,6300,976,1.1,3.6,"Fuchs",280,0,0,2,2,0,0,0,1,0,0,2,61,63.6,5.8,9,7.8,208,87,317,105,288,96,295,103
3.3,219,FALSE,5.5,2.6,"Evans",0.3,"a",9,13,13,14550,3553,11390,975,0.6,2.4,"Evans",439,0,0,2,5,0,0,0,4,0,0,0,66,75.2,5.4,6,8.7,189,78,321,108,315,109,282,99
0,226,FALSE,5.9,0,"Barbosa Pereira",0.1,"i",9,13,0,2151,213,7687,327,0,0,"Pereira",0,0,0,0,0,0,0,0,0,0,0,0,0,0,0,0,0,595,218,594,218,594,218,596,218
0,227,FALSE,3.9,0,"Amartey",0.9,"i",9,13,0,40070,609,85102,3998,0,0,"Amartey",144,0,0,0,4,0,0,0,1,0,0,0,19,22.4,1.8,0,2.4,318,128,346,127,354,133,367,136
0,237,FALSE,4.3,0,"Benkovic",0,"n",9,13,0,183,7,4497,84,0,0,"Benkovic",0,0,0,0,0,0,0,0,0,0,0,0,0,0,0,0,0,454,178,435,177,403,163,457,178
0,238,FALSE,5.3,2,"Söyüncü",3.5,"i",9,13,8,101540,96,783792,23379,0,1.5,"Söyüncü",360,0,0,1,7,0,0,0,1,0,0,0,64,83.4,24.6,44,15.2,176,72,229,63,171,42,198,63
4.7,239,FALSE,4.8,4.2,"Justin",22,"a",9,13,34,1302487,60698,580387,31568,1,7.1,"Justin",720,1,1,3,9,0,0,0,1,0,0,1,139,142.4,66.3,43,25.3,69,19,125,30,172,43,102,26
0.7,240,FALSE,4.3,1,"Thomas",0.2,"a",9,13,2,6216,648,23087,724,0.2,0.5,"Thomas",135,0,0,0,1,0,0,0,1,0,0,0,11,23.2,1.7,11,3.5,317,127,351,129,269,87,353,126
2,498,FALSE,5.7,5.8,"Castagne",8.9,"i",9,13,35,1560909,2695,1288896,134483,0.4,6.1,"Castagne",540,1,3,2,8,0,0,0,1,0,0,4,136,145,78.1,86,31,66,18,101,25,82,13,77,15
4.7,561,FALSE,5,4,"Fofana",0.2,"d",9,13,16,15780,5674,3737,2070,0.9,3.2,"Fofana",360,0,0,2,2,0,0,0,2,0,0,2,80,79.2,14.5,2,9.5,182,75,276,87,341,126,271,93
-0.3,195,FALSE,4.4,1.8,"Cooper",0.6,"a",10,2,9,39284,396,57389,2567,-0.1,2,"Cooper",450,0,0,1,12,0,0,0,1,0,0,1,94,115,3.5,10,12.8,117,44,335,119,277,89,227,74
0,196,FALSE,3.9,0,"Douglas",5.5,"n",10,2,0,154424,587,745421,29397,0,0,"Douglas",0,0,0,0,0,0,0,0,0,0,0,0,0,0,0,0,0,409,152,391,152,352,131,412,152
2,197,FALSE,4.5,2.1,"Ayling",4,"a",10,2,17,219331,3767,204034,23699,0.4,3.8,"Ayling",720,0,0,2,17,0,0,0,1,0,0,1,139,196.4,122.9,69,38.9,29,7,43,9,115,19,48,7
4,200,FALSE,4.5,3.1,"Dallas",5.9,"a",10,2,25,359745,11304,244362,26405,0.9,5.6,"Dallas",710,1,1,2,16,0,0,0,2,0,0,0,142,168.6,62.7,104,33.6,46,12,131,32,65,6,64,10
2.7,201,FALSE,4.4,1.8,"Alioski",0.4,"d",10,2,11,16158,673,36185,2442,0.6,2.5,"Alioski",255,0,0,1,6,0,0,0,0,0,0,1,53,43.6,55,57,15.7,255,102,140,35,138,29,192,59
0,211,FALSE,4,0.5,"Struijk",2.4,"a",10,2,2,166909,7991,128300,9707,0,0.5,"Struijk",254,0,0,0,9,0,0,0,1,0,0,0,42,56.6,15.5,8,8.1,226,94,271,84,292,98,288,101
0,214,FALSE,4,1,"Davis",1.3,"a",10,2,1,47162,2130,65841,4584,0,0.2,"Davis",13,0,0,0,0,0,0,0,0,0,0,0,1,0,0.3,0,0,442,169,376,143,389,152,445,169
0,215,FALSE,3.9,0,"Casey",1.5,"a",10,2,0,84856,10377,45407,6573,0,0,"Casey",0,0,0,0,0,0,0,0,0,0,0,0,0,0,0,0,0,415,158,397,158,361,140,418,158
2.7,491,FALSE,4.5,2.4,"Koch",0.8,"a",10,2,19,45955,1091,34768,5471,0.6,4.2,"Koch",720,0,0,2,17,0,0,0,0,0,0,2,128,145.8,15.6,71,23.3,64,17,270,83,111,18,117,30
0,549,FALSE,4.4,0,"Llorente",0,"i",10,2,0,2579,45,2614,140,0,0,"Llorente",0,0,0,0,0,0,0,0,0,0,0,0,0,0,0,0,0,481,191,463,190,433,178,484,191
0,242,FALSE,4.9,0,"Tsimikas",0,"a",11,14,0,937,408,3016,114,0,0,"Tsimikas",0,0,0,0,0,0,0,0,0,0,0,0,0,0,0,0,0,563,214,554,214,544,209,565,214
0.3,246,FALSE,5.4,1,"Matip",0.3,"a",11,14,3,17516,5420,32886,963,0.1,0.6,"Matip",181,0,0,0,3,0,0,0,1,0,0,0,24,24,1.4,17,4.2,311,126,360,135,254,81,347,123
0,250,FALSE,6.3,3,"van Dijk",8.3,"i",11,14,15,379254,445,1865775,47190,0,2.4,"van Dijk",370,1,0,1,11,0,0,0,1,0,0,1,73,82.4,4.8,66,15.3,180,74,324,110,121,20,197,62
2,255,FALSE,7.1,3.9,"Robertson",16.9,"a",11,14,31,951030,52878,709634,115587,0.3,4.4,"Robertson",720,1,2,1,16,0,0,0,0,0,0,4,161,169.6,184.9,128,48.4,43,11,18,3,49,2,32,3
2,259,FALSE,7.3,2.6,"Alexander-Arnold",23.2,"d",11,14,21,386429,4443,2330544,429152,0.3,2.9,"Alexander-Arnold",690,0,1,1,16,0,0,0,1,0,0,4,144,133.2,225.3,93,45.1,80,26,11,2,77,11,36,4
2,260,FALSE,5.4,1.4,"Gomez",2.3,"i",11,14,10,108427,5284,286258,39380,0.4,1.9,"Gomez",589,0,0,0,14,0,0,0,0,0,0,0,94,106.8,18.1,0,12.5,135,53,256,73,579,215,232,77
0,264,FALSE,3.9,0,"Williams",3.6,"a",11,14,0,120689,29129,175194,11920,0,0,"Neco Williams",0,0,0,0,0,0,0,0,0,0,0,0,0,0,0,0,0,412,155,394,155,357,136,415,155
0.7,589,FALSE,4,2,"Phillips",0.6,"a",11,14,2,51016,19630,8917,5541,0.2,0.5,"Phillips",90,0,0,0,1,0,0,0,0,0,0,0,14,22.2,11.7,0,3.4,321,130,296,96,379,146,354,127
0,594,FALSE,4,0,"Williams",0.1,"d",11,14,0,5450,2450,1278,960,0,0,"Rhys Williams",0,0,0,0,0,0,0,0,0,0,0,0,0,0,0,0,0,435,165,417,165,382,148,438,165
0,266,FALSE,5.4,1.2,"Luiz Rosa",0.7,"i",12,43,5,38526,39,85704,4233,0,0.9,"Fernandinho",154,0,0,0,2,0,0,0,0,0,0,0,24,33.4,13.2,30,7.7,292,115,284,91,203,59,297,104
0,269,FALSE,4.9,0,"Otamendi",0.2,"u",12,43,0,5315,8,41917,723,0,0,"Otamendi",0,0,0,0,0,0,0,0,0,0,0,0,0,0,0,0,0,559,211,550,211,538,205,561,211
6,270,FALSE,6.1,4.1,"Walker",8.3,"a",12,43,29,384722,61945,224502,24616,1,4.8,"Walker",617,1,0,2,9,0,0,0,1,0,0,4,115,124.4,67.3,57,24.7,99,35,123,28,142,31,109,27
0,273,FALSE,4.8,2,"Stones",0.4,"a",12,43,2,21044,517,33371,1532,0,0.4,"Stones",90,0,0,0,1,0,0,0,0,0,0,0,14,20.2,0.3,0,2.1,325,132,381,146,514,197,375,140
0,274,FALSE,5.9,0.7,"Mendy",1,"d",12,43,2,22459,111,92557,3540,0,0.3,"Mendy",250,0,0,0,7,0,0,0,2,0,0,0,23,16.6,26.2,10,5.1,340,136,216,57,284,93,335,118
5.3,277,FALSE,5.4,6,"Cancelo",2.4,"a",12,43,24,164316,65288,73014,10521,1,4.4,"Cancelo",360,0,1,2,2,0,0,0,1,0,0,6,95,107.6,147.2,30,28.5,131,51,33,7,204,60,83,18
0,279,FALSE,5.5,3.2,"Aké",4.9,"d",12,43,13,247292,2580,429405,38905,0,2.4,"Aké",289,1,0,1,6,0,0,0,2,0,0,0,57,64.4,24.7,19,10.8,207,86,228,62,245,76,250,85
3,280,FALSE,6,3.7,"Laporte",2.8,"a",12,43,11,75126,9300,229908,5060,0.5,1.8,"Laporte",270,0,0,1,2,0,0,0,1,0,0,2,47,41.4,13.3,10,6.5,265,103,282,89,286,94,307,109
0.3,283,FALSE,5.5,1,"Zinchenko",0.2,"a",12,43,1,4705,349,22198,592,0.1,0.2,"Zinchenko",12,0,0,0,0,0,0,0,0,0,0,0,3,0.4,1.2,0,0.2,407,151,366,139,587,217,407,150
0.7,288,FALSE,4.8,1,"Garcia",0.2,"a",12,43,2,8533,473,17547,964,0.1,0.4,"Garcia",180,0,0,0,6,0,0,0,0,0,0,0,33,37,22.6,1,6,279,109,238,67,350,130,316,113
3.3,556,FALSE,5.5,3.4,"Gato Alves Dias",1.9,"a",12,43,17,156459,17520,38189,7866,0.6,3.1,"Dias",450,0,0,2,3,0,0,0,1,0,0,0,95,89.2,6.4,10,10.6,167,70,316,104,283,92,254,87
0,292,FALSE,4.9,0,"Smalling",0.1,"u",13,1,0,1861,5,11353,252,0,0,"Smalling",0,0,0,0,0,0,0,0,0,0,0,0,0,0,0,0,0,558,210,549,210,537,204,560,210
0,294,FALSE,4.8,0,"Rojo",0.1,"a",13,1,0,820,87,3373,184,0,0,"Rojo",0,0,0,0,0,0,0,0,0,0,0,0,0,0,0,0,0,539,205,528,205,509,196,541,205
0,297,FALSE,4.9,0,"Jones",0,"n",13,1,0,488,5,4347,94,0,0,"Jones",0,0,0,0,0,0,0,0,0,0,0,0,0,0,0,0,0,561,212,552,212,540,206,563,212
3.3,298,FALSE,5.4,3,"Maguire",3.2,"d",13,1,21,126826,22245,191958,12457,0.6,3.9,"Maguire",630,1,1,1,14,0,0,0,2,0,0,1,123,129.2,30.1,118,27.8,89,31,201,49,55,4,86,19
4.7,300,FALSE,4.9,2,"Shaw",0.9,"i",13,1,14,73774,1977,112718,12290,1,2.9,"Shaw",606,0,1,1,14,1,0,0,2,0,0,2,110,113.4,113.8,29,25.8,119,45,56,14,207,62,97,23
0.3,307,FALSE,4.4,1,"Tuanzebe",0.1,"a",13,1,1,11446,1016,6395,1053,0.1,0.2,"Tuanzebe",23,0,0,0,0,0,0,0,0,0,0,0,2,7,0.3,0,0.7,376,145,378,145,437,180,397,147
3.3,308,FALSE,4.9,2.3,"Lindelöf",1.2,"d",13,1,14,40817,5276,90458,6466,0.7,2.9,"Lindelöf",540,0,0,1,8,0,0,0,0,0,0,0,100,100.8,17.7,8,12.7,144,56,260,77,299,101,228,75
0,310,FALSE,4.9,-0.5,"Bailly",0.2,"d",13,1,-1,8122,43,19616,828,0,-0.2,"Bailly",98,0,0,0,7,0,0,0,1,0,0,0,11,25,0.1,0,2.5,308,124,389,151,542,207,365,135
0,312,FALSE,4.4,0,"Fosu-Mensah",0.1,"a",13,1,0,4023,156,7083,364,0,0,"Fosu-Mensah",80,0,0,0,2,0,0,0,1,0,0,0,17,17.8,30.5,16,6.4,337,135,199,48,255,82,309,111
3.3,313,FALSE,5.4,3,"Wan-Bissaka",9,"a",13,1,18,312626,34811,536472,24424,0.6,3.3,"Wan-Bissaka",540,1,0,1,11,0,0,0,0,0,0,0,95,127.8,37.2,48,21.2,95,33,179,44,163,40,139,42
0,314,FALSE,4.8,0,"Dalot Teixeira",0,"n",13,1,0,410,4,3224,93,0,0,"Dalot",0,0,0,0,0,0,0,0,0,0,0,0,0,0,0,0,0,554,208,545,208,532,202,556,208
0,318,FALSE,4.3,0,"Williams",0.8,"a",13,1,0,16672,804,81022,3144,0,0,"Williams",0,0,0,0,0,0,0,0,0,0,0,0,0,0,0,0,0,456,180,437,179,405,165,459,180
0,319,FALSE,3.9,0,"Mengi",0.8,"a",13,1,0,26250,9803,29727,3184,0,0,"Mengi",0,0,0,0,0,0,0,0,0,0,0,0,0,0,0,0,0,414,157,396,157,360,139,417,157
0,568,FALSE,5.5,0,"Telles",0.9,"a",13,1,0,127029,20341,72929,6153,0,0,"Telles",0,0,0,0,0,0,0,0,0,0,0,0,0,0,0,0,0,585,217,586,217,583,216,587,217
1.7,323,FALSE,4.9,2,"Fernández",0.9,"a",14,4,16,26741,779,70344,5319,0.3,3.3,"Fernández",720,0,0,1,13,0,0,0,1,0,0,1,128,187.8,23.2,4,21.4,31,8,235,65,329,120,135,41
0,324,FALSE,4.5,0,"Clark",0,"a",14,4,0,1125,74,3435,126,0,0,"Clark",0,0,0,0,0,0,0,0,0,0,0,0,0,0,0,0,0,503,196,487,196,460,186,505,196
0,327,FALSE,4.3,0,"Lejeune",0,"n",14,4,0,251,17,2393,39,0,0,"Lejeune",0,0,0,0,0,0,0,0,0,0,0,0,0,0,0,0,0,450,174,431,173,399,159,453,174
1.7,328,FALSE,4.4,1.9,"Lascelles",1.8,"a",14,4,13,73408,1697,189394,7585,0.4,3,"Lascelles",627,0,0,1,12,0,0,0,1,0,0,0,96,117.2,2.1,26,14.6,113,40,343,124,217,66,203,65
0,331,FALSE,4.4,0,"Dummett",0,"i",14,4,0,156,33,1253,35,0,0,"Dummett",0,0,0,0,0,0,0,0,0,0,0,0,0,0,0,0,0,474,186,456,185,426,173,477,186
0,332,FALSE,4.4,2.2,"Manquillo",0.3,"a",14,4,9,13350,70,23259,1478,0,2,"Manquillo",305,0,0,1,5,0,0,0,1,0,0,0,51,37,29.4,14,8,278,108,203,51,260,84,290,102
0,333,FALSE,4.3,2,"Krafth",0.1,"a",14,4,4,1533,87,4365,248,0,0.9,"Krafth",180,0,1,0,5,0,0,0,1,0,0,0,30,40.2,26.9,2,6.9,269,104,210,53,335,124,302,105
1.7,334,FALSE,4.9,1.2,"Schär",0.1,"a",14,4,6,2538,281,2427,311,0.3,1.2,"Schär",365,0,0,0,7,0,0,0,0,0,0,0,37,57,2.3,3,6.2,224,93,342,123,332,121,314,112
0,335,FALSE,4.3,0,"Yedlin",0.2,"a",14,4,0,3609,342,20548,583,0,0,"Yedlin",0,0,0,0,0,0,0,0,0,0,0,0,0,0,0,0,0,452,176,433,175,401,161,455,176
0,342,FALSE,4,0,"Watts",0.2,"n",14,4,0,5269,375,12780,619,0,0,"Watts",0,0,0,0,0,0,0,0,0,0,0,0,0,0,0,0,0,439,168,421,168,386,151,442,168
1.7,513,FALSE,4.3,1.6,"Lewis",2.1,"a",14,4,13,220753,9611,208329,10656,0.4,3,"Lewis",651,0,0,1,12,0,0,0,3,0,0,1,100,99.4,116.3,6,22.1,148,59,52,13,306,104,131,38
1,345,FALSE,4.8,1.6,"Basham",1,"a",15,49,13,19825,1107,93395,4651,0.2,2.7,"Basham",652,0,0,0,14,0,0,0,0,0,0,2,99,131.2,42.1,52,22.5,81,27,167,40,153,35,129,36
0.7,347,FALSE,5.3,1.2,"Stevens",1.8,"d",15,49,10,17456,317,241496,13458,0.1,1.9,"Stevens",720,0,0,0,14,0,0,0,1,0,0,0,107,140.4,31.7,55,22.8,70,20,196,46,147,33,124,34
1,351,FALSE,5.3,1.6,"Baldock",1.8,"a",15,49,13,35859,1244,226164,10880,0.2,2.5,"Baldock",720,0,1,0,14,0,0,0,1,0,0,0,94,105.2,103.9,109,31.9,137,54,64,16,61,5,73,12
0,352,FALSE,4.4,2.7,"Robinson",0.2,"a",15,49,8,7946,160,11614,728,0,1.8,"Jack Robinson",251,0,1,0,4,0,0,0,0,0,0,0,34,35,4.6,17,5.6,284,113,327,113,251,80,321,115
0.7,353,FALSE,4.8,0.4,"Egan",3.2,"d",15,49,3,28875,507,831956,18990,0.1,0.6,"Egan",551,0,0,0,13,0,0,0,2,1,0,0,56,88.2,3.5,14,10.7,169,71,336,120,261,85,251,86
0,354,FALSE,4.8,1.5,"O'Connell",0.2,"i",15,49,3,3343,49,41834,781,0,0.6,"O'Connell",180,0,0,0,3,0,0,0,0,0,0,0,19,40.2,2.5,0,4.3,270,105,341,122,520,199,345,122
1,509,FALSE,4.4,1.5,"Ampadu",0.5,"a",15,49,6,15637,506,43051,1862,0.2,1.4,"Ampadu",303,0,0,0,5,0,0,0,0,0,0,0,44,71.2,20,4,9.6,193,80,250,72,323,116,269,91
0,510,FALSE,4.3,0,"Bogle",0.1,"a",15,49,0,1097,88,5821,213,0,0,"Bogle",0,0,0,0,0,0,0,0,0,0,0,0,0,0,0,0,0,455,179,436,178,404,164,458,179
0.7,511,FALSE,4.4,1,"Lowe",0.1,"a",15,49,3,1019,225,3424,182,0.2,0.7,"Lowe",188,0,0,0,5,0,0,0,0,0,0,0,10,26.6,3.3,9,3.9,303,121,337,121,287,95,349,124
0,529,FALSE,4,0,"Jagielka",0.6,"a",15,49,0,45610,1198,24118,2095,0,0,"Jagielka",0,0,0,0,0,0,0,0,0,0,0,0,0,0,0,0,0,417,160,399,160,363,142,420,160
2.7,362,FALSE,5,3.4,"Bertrand",1,"d",16,20,24,47920,243,80210,11125,0.5,4.8,"Bertrand",618,0,0,3,10,0,0,0,1,0,0,2,106,75.2,117.3,39,23.1,188,77,51,12,179,45,122,32
2.3,367,FALSE,4.8,2,"Stephens",0.2,"a",16,20,8,3807,976,23929,566,0.5,1.7,"Stephens",315,0,0,1,9,0,0,0,1,0,0,1,62,53.4,26.8,21,10.2,233,96,211,54,234,69,261,89
6.3,369,FALSE,4.7,5.7,"Vestergaard",9.1,"a",16,20,40,636377,221631,58433,15566,1.3,8.5,"Vestergaard",585,2,0,4,6,0,0,0,0,0,0,1,176,219,26.1,63,30.9,19,2,217,58,125,22,78,16
5,375,FALSE,4.6,3.9,"Walker-Peters",11.8,"a",16,20,31,503227,86017,452104,18605,1.1,6.7,"Walker-Peters",720,0,1,4,12,0,0,0,3,0,0,3,157,150,55.1,54,26,59,16,139,34,150,34,95,22
4.3,376,FALSE,4.5,3.6,"Bednarek",1.9,"a",16,20,29,52404,5765,120633,3548,1,6.4,"Bednarek",630,0,0,4,9,0,0,0,0,0,0,2,147,115.6,14.6,58,18.8,116,43,274,86,135,28,158,51
0,378,FALSE,4.8,0,"Valery",0.1,"a",16,20,0,980,100,4779,253,0,0,"Valery",0,0,0,0,0,0,0,0,0,0,0,0,0,0,0,0,0,553,207,544,207,531,201,555,207
0,380,FALSE,4,0,"Vokins",1.2,"a",16,20,0,29712,485,53070,3921,0,0,"Vokins",0,0,0,0,0,0,0,0,0,0,0,0,0,0,0,0,0,433,164,415,164,380,147,436,164
0,479,FALSE,4.3,0,"Salisu",0.1,"d",16,20,0,842,36,17791,401,0,0,"Salisu",0,0,0,0,0,0,0,0,0,0,0,0,0,0,0,0,0,458,182,439,181,407,167,461,182
0,598,FALSE,4,0,"Ramsay",0,"a",16,20,0,695,695,125,125,0,0,"Ramsay",0,0,0,0,0,0,0,0,0,0,0,0,0,0,0,0,0,438,167,420,167,385,150,441,167
0,384,FALSE,4.7,0,"Rose",0.2,"n",17,6,0,3480,9,24170,783,0,0,"Rose",0,0,0,0,0,0,0,0,0,0,0,0,0,0,0,0,0,531,202,519,202,496,192,533,202
5.7,386,FALSE,5.4,4,"Alderweireld",1.8,"a",17,6,20,51527,5507,129058,4898,1.1,3.7,"Alderweireld",450,0,0,2,5,0,0,0,0,0,0,3,93,109.2,26.2,19,15.5,128,50,215,56,244,75,194,61
0,389,FALSE,5.2,6.5,"Aurier",1.8,"a",17,6,13,131908,1273,272889,16672,0,2.5,"Aurier",180,1,1,0,4,0,0,0,0,0,0,1,60,94.2,30,60,18.4,158,65,202,50,130,23,160,52
4.7,391,FALSE,4.9,3,"Dier",1.3,"a",17,6,21,65576,6941,101151,5549,1,4.3,"Dier",630,0,0,2,6,0,0,0,0,0,0,0,114,129.4,4.4,6,14.1,88,30,328,114,311,108,212,69
2.3,395,FALSE,4.8,2.7,"Davies",1,"a",17,6,16,59781,1028,163234,8993,0.5,3.3,"Davies",382,0,1,1,4,0,0,0,0,0,0,0,71,49.6,54.7,46,15,239,98,141,36,165,41,199,64
0,398,FALSE,5.4,1,"Sánchez",0.8,"a",17,6,4,21069,573,49139,3970,0,0.7,"Sánchez",360,0,0,0,7,1,0,0,0,0,0,0,37,55,2.1,86,14.3,229,95,344,125,81,12,209,68
0,399,FALSE,4.7,0,"Sessegnon",0.1,"n",17,6,0,1004,2,15458,314,0,0,"Sessegnon",0,0,0,0,0,0,0,0,0,0,0,0,0,0,0,0,0,535,204,523,204,501,194,537,204
0,402,FALSE,4.9,0,"Tanganga",0,"d",17,6,0,574,30,6454,112,0,0,"Tanganga",0,0,0,0,0,0,0,0,0,0,0,0,0,0,0,0,0,562,213,553,213,543,208,564,213
0,406,FALSE,4.3,0,"Foyth",0.1,"n",17,6,0,1364,26,8567,222,0,0,"Foyth",0,0,0,0,0,0,0,0,0,0,0,0,0,0,0,0,0,457,181,438,180,406,166,460,181
6.7,457,FALSE,5.8,4,"Doherty",7.9,"i",17,6,24,165043,16612,1183622,53441,1.2,4.1,"Doherty",525,0,1,2,5,0,0,0,1,0,0,3,97,113,81.1,49,24.4,120,46,96,23,162,39,112,28
0,521,FALSE,3.9,0,"Carter-Vickers",0.3,"n",17,6,0,13430,982,22492,1251,0,0,"Carter-Vickers",0,0,0,0,0,0,0,0,0,0,0,0,0,0,0,0,0,411,154,393,154,355,134,414,154
3.3,542,FALSE,5.6,4,"Reguilón",4.2,"a",17,6,16,394250,32359,125818,23564,0.6,2.9,"Reguilón",360,0,2,1,5,0,0,0,1,0,0,0,85,99.2,96.4,59,25.5,149,60,70,18,134,27,101,25
0.3,584,FALSE,5,1,"Rodon",0,"a",17,6,1,671,122,329,126,0.1,0.2,"Rodon",1,0,0,0,0,0,0,0,0,0,0,0,3,0,0,0,0,572,215,567,215,561,213,574,215
0,407,FALSE,4.3,-1.5,"Gibbs",0.2,"a",18,35,-3,4959,189,41894,909,0,-0.7,"Gibbs",135,0,0,0,8,0,0,0,0,1,0,0,11,7.4,13.2,2,2.3,371,144,283,90,334,123,370,138
0.3,412,FALSE,4.4,2,"Bartley",0.2,"a",18,35,10,11006,140,13339,692,0.1,2.3,"Bartley",450,1,0,0,14,0,0,0,1,0,0,0,63,117.2,1.3,37,15.5,112,39,362,137,185,49,193,60
0,414,FALSE,4.2,6,"Hegazy",0.2,"n",18,35,6,12080,237,78247,2298,0,1.4,"Hegazi",90,0,0,1,0,0,0,0,0,0,0,0,24,19.6,0.3,0,2,330,134,377,144,394,156,377,142
2.3,418,FALSE,4.5,2.7,"Townsend",0.1,"a",18,35,16,7145,639,5948,635,0.5,3.6,"Townsend",540,0,0,1,9,0,0,0,0,0,0,3,89,100.4,69.9,31,20.1,145,57,120,26,199,56,148,46
1.7,419,FALSE,4.8,1,"Ajayi",0.2,"a",18,35,7,4378,273,17468,584,0.4,1.5,"Ajayi",630,0,0,0,17,0,0,0,1,0,0,0,75,109.8,3.6,4,11.7,125,49,334,118,327,118,241,82
1.7,422,FALSE,4.5,2.4,"Furlong",0.1,"a",18,35,17,7854,424,8152,666,0.4,3.8,"Furlong",608,0,1,1,13,0,0,0,1,0,0,1,98,118.4,95.4,97,31.2,107,38,74,20,72,9,76,14
0.7,425,FALSE,4.3,1,"O'Shea",0.2,"a",18,35,5,4062,434,14161,609,0.2,1.2,"O'Shea",450,0,0,0,14,0,0,0,0,0,0,0,50,90.2,22.6,22,13.5,164,69,237,66,230,68,220,72
0,499,FALSE,4.4,0,"Kipre",0,"a",18,35,0,524,57,3123,179,0,0,"Kipre",0,0,0,0,0,0,0,0,0,0,0,0,0,0,0,0,0,484,193,467,192,438,181,487,193
1,530,FALSE,4.5,3,"Ivanovic",0.1,"a",18,35,9,13168,170,7482,1463,0.2,2,"Ivanovic",270,0,0,1,3,0,0,0,0,0,0,0,51,61,10.9,57,12.9,216,89,301,99,139,30,226,73
0,600,FALSE,4,0,"Peltier",0,"a",18,35,0,1062,1062,206,206,0,0,"Peltier",0,0,0,0,0,0,0,0,0,0,0,0,0,0,0,0,0,419,161,401,161,365,143,422,161
2.7,432,FALSE,4.9,2.8,"Ogbonna",0.4,"d",19,21,22,14762,349,21065,3168,0.6,4.5,"Ogbonna",692,0,0,3,10,0,0,0,2,0,0,0,115,130.4,14,35,17.9,84,28,279,88,189,51,165,54
3,435,FALSE,5.1,4.8,"Cresswell",8.8,"a",19,21,38,665361,81716,171924,27259,0.6,7.5,"Cresswell",720,0,3,3,10,0,0,0,0,0,0,5,197,216.4,265.2,9,49.1,20,3,4,1,289,97,31,2
0,438,FALSE,4.3,1.3,"Fredericks",0.3,"a",19,21,4,9779,286,38221,1090,0,0.9,"Fredericks",228,0,1,0,4,0,0,0,2,0,0,0,43,60.4,109.8,6,17.7,218,90,60,15,305,103,169,55
3,442,FALSE,4.5,4,"Masuaku",1.8,"a",19,21,28,153772,15565,56714,6812,0.7,6.2,"Masuaku",625,0,1,3,8,0,0,0,1,0,0,3,132,115.8,122.3,56,29.4,114,41,45,10,143,32,79,17
2.7,443,FALSE,4.4,4.5,"Balbuena",1.4,"a",19,21,27,117758,16883,36028,5599,0.6,6.1,"Balbuena",540,1,0,3,6,0,0,0,1,0,0,0,114,136.4,5.4,34,17.6,72,22,319,106,190,52,170,56
0,451,FALSE,4.4,0.7,"Diop",0.6,"a",19,21,2,9371,480,77337,2240,0,0.5,"Diop",207,0,0,0,4,0,0,0,1,0,0,0,25,45.2,1.6,0,4.7,249,99,354,132,442,183,339,119
0,452,FALSE,3.9,1,"Johnson",1.9,"a",19,21,1,61378,1293,112316,6315,0,0.3,"Johnson",41,0,0,0,0,0,0,0,0,0,0,0,4,3.8,1.3,0,0.5,388,147,361,136,358,137,399,148
5.3,558,FALSE,4.5,5,"Coufal",1.8,"a",19,21,25,139578,48193,16297,7161,1.2,5.6,"Coufal",450,0,2,2,6,0,0,0,2,0,0,5,96,100,80.8,28,20.9,146,58,98,24,211,63,144,45
0,576,FALSE,4.5,0,"Dawson",0,"a",19,21,0,959,118,512,121,0,0,"Dawson",0,0,0,0,0,0,0,0,0,0,0,0,0,0,0,0,0,505,197,489,197,462,187,507,197
0,456,FALSE,4.4,0,"Bennett",0.2,"u",20,39,0,3787,9,24386,916,0,0,"Bennett",0,0,0,0,0,0,0,0,0,0,0,0,0,0,0,0,0,464,183,445,182,414,169,467,183
3.3,458,FALSE,5.5,3.9,"Boly",2.8,"a",20,39,31,118483,10545,101005,7927,0.6,5.6,"Boly",720,0,0,4,9,0,0,0,0,0,0,2,154,135.6,17.7,28,18.1,74,24,261,78,214,64,163,53
3.3,459,FALSE,5,3.8,"Coady",8.3,"d",20,39,30,303599,10467,333768,37862,0.7,6,"Coady",720,0,0,4,9,0,0,0,1,0,0,2,149,130.2,12.1,0,14.3,85,29,292,94,557,211,208,67
2.3,461,FALSE,5.2,6.3,"Saïss",17.5,"a",20,39,38,1686762,23757,798035,217431,0.4,7.3,"Saïss",517,1,0,4,7,0,0,0,0,0,0,7,135,123.4,24.8,60,21,100,36,227,61,131,24,143,44
0,462,FALSE,5.4,0,"Castro Otto",0,"i",20,39,0,476,39,2297,73,0,0,"Jonny",0,0,0,0,0,0,0,0,0,0,0,0,0,0,0,0,0,583,216,581,216,577,214,585,216
0,467,FALSE,3.9,1,"Buur",2.3,"a",20,39,1,159321,4510,154189,7895,0,0.3,"Buur",22,0,0,0,0,0,0,0,0,0,0,0,2,0.6,0.5,0,0.1,405,150,373,142,356,135,410,151
3,470,FALSE,4.3,6,"Kilman",14.8,"a",20,39,30,1059281,109962,156061,28692,0.7,7,"Kilman",450,0,1,3,2,0,0,0,1,0,0,6,108,92.2,37.4,6,13.5,161,67,176,43,307,105,219,71
0,471,FALSE,4.2,0.5,"Silva Nascimento Vinagre",1.3,"n",20,39,1,56498,41,603421,9088,0,0.2,"Vinagre",172,0,0,0,7,0,0,0,0,0,0,0,24,31.2,25.3,0,5.7,298,119,223,60,395,157,320,114
0.7,505,FALSE,4.8,1.8,"Marçal",0.1,"a",20,39,9,22647,183,34714,630,0.1,1.9,"Marçal",134,0,0,1,1,0,0,0,1,0,0,0,34,24.6,17.9,10,5.3,309,125,258,75,280,91,327,116
0,545,FALSE,4.5,1,"Hoever",0,"a",20,39,2,2691,106,1910,204,0,0.4,"Hoever",29,0,0,0,1,0,0,0,0,0,0,0,9,13.8,15.2,2,3.1,349,138,272,85,337,125,358,129
4,546,FALSE,5.6,4.2,"Cabral Semedo",3.6,"a",20,39,25,305504,35346,88622,14987,0.7,4.5,"Semedo",509,0,0,3,5,0,0,0,0,0,0,2,114,93,95.5,37,22.7,160,66,73,19,187,50,127,35
5.7,563,FALSE,5,8.5,"Ait Nouri",0.3,"d",20,39,17,26303,3987,7433,4339,1.1,3.4,"Ait Nouri",165,1,0,1,1,0,0,0,0,0,0,3,45,44.8,10.1,33,8.8,250,100,305,100,194,54,279,97
